TermID	Name	Value	LogSize	Frequency	Uniqueness	Dispensability	Representative
"GO:0000165"	"MAPK cascade"	NaN	2.3180633349627615	0.9924249688368971	0.6217989928202986	0.35675006	null
"GO:0000209"	"protein polyubiquitination"	NaN	2.3909351071033793	1.1746092626330424	0.6313992434020543	0.33178313	null
"GO:0070936"	"protein K48-linked ubiquitination"	NaN	1.8920946026904804	0.36916291111324195	0.6626412165098267	0.43150098	209
"GO:0000245"	"spliceosomal complex assembly"	NaN	1.6720978579357175	0.22053888196375493	0.6605975421601609	0.38204658	null
"GO:0000380"	"alternative mRNA splicing, via spliceosome"	NaN	1.380211241711606	0.11026944098187746	0.6841398973372278	0.19086595	null
"GO:0000904"	"cell morphogenesis involved in differentiation"	NaN	2.7505083948513462	2.6944098187745706	0.5853807937401562	0.39286185	null
"GO:0001568"	"blood vessel development"	NaN	2.7641761323903307	2.7807076421516927	0.586444524390142	0.88396118	904
"GO:0032989"	"cellular component morphogenesis"	NaN	2.824776462475546	3.197813788474446	0.5787437581820029	0.48963478	904
"GO:0032990"	"cell part morphogenesis"	NaN	2.749736315569061	2.6896154952536198	0.5817534515784141	0.84092164	904
"GO:0035239"	"tube morphogenesis"	NaN	2.887617300335736	3.6964234346533704	0.5797603533513238	0.47242723	904
"GO:0048514"	"blood vessel morphogenesis"	NaN	2.6711728427150834	2.243743407805159	0.590721473066122	0.6818092	904
"GO:0048812"	"neuron projection morphogenesis"	NaN	2.710963118995276	2.4594879662479623	0.5747061880385002	0.77783241	904
"GO:0048858"	"cell projection morphogenesis"	NaN	2.722633922533812	2.526608495541279	0.5817483793942229	0.93808829	904
"GO:0120039"	"plasma membrane bounded cell projection morphogenesis"	NaN	2.716003343634799	2.48825390737367	0.5822227052076999	0.98199367	904
"GO:0001101"	"response to acid chemical"	NaN	2.1522883443830563	0.6759996164541183	0.6502789869927077	0.23934568	null
"GO:0001701"	"in utero embryonic development"	NaN	2.73559889969818	2.603317671876498	0.59610846047342	0.34060748	null
"GO:0001824"	"blastocyst development"	NaN	2.1903316981702914	0.7383258222264839	0.6366461949065096	0.51831341	1701
"GO:0048598"	"embryonic morphogenesis"	NaN	2.8208579894397	3.169047847348739	0.5855212219344882	0.61545698	1701
"GO:0001889"	"liver development"	NaN	2.2095150145426308	0.7718860868731422	0.6339389150365239	0.26999394	null
"GO:0002437"	"inflammatory response to antigenic stimulus"	NaN	1.6812412373755872	0.22533320548470612	0.6719131540355961	0.16061458	null
"GO:0002520"	"immune system development"	NaN	2.287801729930226	0.9253044395435804	0.6240910559543963	0.32619562	null
"GO:0002764"	"immune response-regulating signaling pathway"	NaN	2.45484486000851	1.361587879950139	0.5963006019362267	0.38634693	null
"GO:0002253"	"activation of immune response"	NaN	2.545307116465824	1.678013232332918	0.5820566857731637	0.63820859	2764
"GO:0002429"	"immune response-activating cell surface receptor signaling pathway"	NaN	2.307496037913213	0.9684533512321412	0.5897654198293015	0.46086145	2764
"GO:0002757"	"immune response-activating signaling pathway"	NaN	2.424881636631067	1.2704957330520663	0.5803402067647876	0.87796426	2764
"GO:0002768"	"immune response-regulating cell surface receptor signaling pathway"	NaN	2.346352974450639	1.0595454981302137	0.6010647393680909	0.79561265	2764
"GO:0050778"	"positive regulation of immune response"	NaN	2.8182258936139557	3.1498705532649343	0.566773383351836	0.60326891	2764
"GO:0050851"	"antigen receptor-mediated signaling pathway"	NaN	2.1335389083702174	0.6472336753284111	0.6045106112881821	0.79802128	2764
"GO:0050852"	"T cell receptor signaling pathway"	NaN	2.0170333392987803	0.49381532265797295	0.6138752111223761	0.72960963	2764
"GO:0003012"	"muscle system process"	NaN	2.424881636631067	1.2704957330520663	0.6325267598729867	0.23471817	null
"GO:0003208"	"cardiac ventricle morphogenesis"	NaN	1.919078092376074	0.39313452871799787	0.6455180324447952	0.3966364	null
"GO:0001944"	"vasculature development"	NaN	2.7831886910752575	2.9053600536964237	0.5854212537479969	0.56314483	3208
"GO:0003007"	"heart morphogenesis"	NaN	2.450249108319361	1.3472049093872853	0.6071085487311313	0.50950587	3208
"GO:0007507"	"heart development"	NaN	2.7958800173440754	2.991657877073545	0.5828769127761345	0.69966088	3208
"GO:0035051"	"cardiocyte differentiation"	NaN	2.1818435879447726	0.7239428516636303	0.6249291620566783	0.40038783	3208
"GO:0055006"	"cardiac cell development"	NaN	1.9444826721501687	0.4171061463227539	0.6383630543423277	0.40455153	3208
"GO:0003298"	"physiological muscle hypertrophy"	NaN	1.1760912590556813	0.06712052929331672	0.6969490154123169	0.13817604	null
"GO:0003300"	"cardiac muscle hypertrophy"	NaN	1.6127838567197355	0.19177294083804777	0.6735598591085881	0.64989195	3298
"GO:0003301"	"physiological cardiac muscle hypertrophy"	NaN	1.1760912590556813	0.06712052929331672	0.6765301729982441	1	3298
"GO:0014897"	"striated muscle hypertrophy"	NaN	1.6334684555795864	0.20136158787995012	0.672499473955478	0.94197786	3298
"GO:0061049"	"cell growth involved in cardiac muscle cell development"	NaN	1.1760912590556813	0.06712052929331672	0.668016395734879	0.66741838	3298
"GO:0005975"	"carbohydrate metabolic process"	NaN	2.6314437690131722	2.0471761434461597	0.6209451145678471	0.26036679	null
"GO:0005996"	"monosaccharide metabolic process"	NaN	2.294466226161593	0.9396874101064341	0.6407271048276932	0.32586636	null
"GO:0006006"	"glucose metabolic process"	NaN	2.1271047983648077	0.6376450282865088	0.6504614781212649	0.54207945	5996
"GO:0019318"	"hexose metabolic process"	NaN	2.230448921378274	0.8102406750407517	0.644026197259334	0.81117882	5996
"GO:0006090"	"pyruvate metabolic process"	NaN	1.8976270912904414	0.3739572346341931	0.6619718552383548	0.18649691	null
"GO:0006091"	"generation of precursor metabolites and energy"	NaN	2.5237464668115646	1.5965097324767474	0.623752919782929	0.26969135	null
"GO:0006109"	"regulation of carbohydrate metabolic process"	NaN	2.330413773349191	1.0211909099626044	0.6260831071460525	0.23650629	null
"GO:0006334"	"nucleosome assembly"	NaN	1.8260748027008264	0.31642535238277875	0.6617483770142659	0.29003903	null
"GO:0006446"	"regulation of translational initiation"	NaN	1.8260748027008264	0.31642535238277875	0.645352986896346	0.33151044	null
"GO:0000288"	"nuclear-transcribed mRNA catabolic process, deadenylation-dependent decay"	NaN	1.568201724066995	0.17259564675424297	0.6230683130923084	0.73564763	6446
"GO:0006417"	"regulation of translation"	NaN	2.6646419755561257	2.2101831431585004	0.5812207783997163	0.68420578	6446
"GO:0017148"	"negative regulation of translation"	NaN	2.2624510897304293	0.8725668808131172	0.6065106183452041	0.52549226	6446
"GO:0031331"	"positive regulation of cellular catabolic process"	NaN	2.5224442335063197	1.5917154089557966	0.5916669465510747	0.55455184	6446
"GO:0034249"	"negative regulation of amide metabolic process"	NaN	2.3138672203691533	0.9828363217949948	0.6149751031613879	0.53614182	6446
"GO:0034250"	"positive regulation of amide metabolic process"	NaN	2.247973266361807	0.8438009396874101	0.6179901875396998	0.49330636	6446
"GO:0043487"	"regulation of RNA stability"	NaN	2.2430380486862944	0.8342122926455078	0.6119592150164147	0.47991925	6446
"GO:0043488"	"regulation of mRNA stability"	NaN	2.2041199826559246	0.7622974398312398	0.6047743451592063	0.72504413	6446
"GO:0045727"	"positive regulation of translation"	NaN	2.167317334748176	0.6999712340588743	0.6149742755695558	0.42671126	6446
"GO:0061014"	"positive regulation of mRNA catabolic process"	NaN	1.9444826721501687	0.4171061463227539	0.6254853590374881	0.68617327	6446
"GO:0061157"	"mRNA destabilization"	NaN	1.863322860120456	0.34519129350848593	0.6162225130535428	0.66396484	6446
"GO:2000767"	"positive regulation of cytoplasmic translation"	NaN	1.2041199826559248	0.0719148528142679	0.6777573997354224	0.46499058	6446
"GO:0006470"	"protein dephosphorylation"	NaN	2.2041199826559246	0.7622974398312398	0.6392745201645278	0.3086105	null
"GO:0006473"	"protein acetylation"	NaN	2.0755469613925306	0.5657301754722409	0.644567078485018	0.28366051	null
"GO:0006475"	"internal protein amino acid acetylation"	NaN	1.9822712330395684	0.4554607344903634	0.6488553183730967	0.8119902	6473
"GO:0016573"	"histone acetylation"	NaN	1.9395192526186185	0.4123118228018027	0.6462979030797322	0.71894152	6473
"GO:0018393"	"internal peptidyl-lysine acetylation"	NaN	1.9822712330395684	0.4554607344903634	0.6440103816344641	0.95856584	6473
"GO:0018394"	"peptidyl-lysine acetylation"	NaN	1.99563519459755	0.46984370505321704	0.6440484320106963	0.85119833	6473
"GO:0043967"	"histone H4 acetylation"	NaN	1.6232492903979006	0.19656726435899893	0.6666029015466838	0.58389104	6473
"GO:0043981"	"histone H4-K5 acetylation"	NaN	1.2304489213782739	0.0767091763352191	0.6886365992234191	0.55025848	6473
"GO:0043982"	"histone H4-K8 acetylation"	NaN	1.2304489213782739	0.0767091763352191	0.6886365992234191	0.47140633	6473
"GO:0006479"	"protein methylation"	NaN	2.0253058652647704	0.5034039696998753	0.6492615322697636	0.25487887	null
"GO:0016571"	"histone methylation"	NaN	1.7403626894942439	0.25889347013136443	0.664546446162076	0.77591827	6479
"GO:0018022"	"peptidyl-lysine methylation"	NaN	1.7634279935629373	0.273276440694218	0.660180535684778	0.79031738	6479
"GO:0034968"	"histone lysine methylation"	NaN	1.6127838567197355	0.19177294083804777	0.6684900859342917	0.70465742	6479
"GO:0051568"	"histone H3-K4 methylation"	NaN	1.255272505103306	0.0815034998561703	0.6883419537553725	0.55842824	6479
"GO:0070734"	"histone H3-K27 methylation"	NaN	0.9030899869919435	0.03356026464665836	0.706603047295798	0.45953955	6479
"GO:0006913"	"nucleocytoplasmic transport"	NaN	2.406540180433955	1.2177581743216033	0.6280989722863544	0.34193879	null
"GO:0006606"	"protein import into nucleus"	NaN	2.0569048513364727	0.541758557867485	0.6491639393601993	0.73977888	6913
"GO:0051169"	"nuclear transport"	NaN	2.406540180433955	1.2177581743216033	0.6302240469097095	0.40885789	6913
"GO:0051170"	"import into nucleus"	NaN	2.0791812460476247	0.570524498993192	0.6496534328595639	0.75228313	6913
"GO:0006914"	"autophagy"	NaN	2.4800069429571505	1.4430913798063094	0.6193180943387452	0.39070715	null
"GO:0000423"	"mitophagy"	NaN	1.3617278360175928	0.10547511746092626	0.6832255844618167	0.46813328	6914
"GO:0000956"	"nuclear-transcribed mRNA catabolic process"	NaN	2.0253058652647704	0.5034039696998753	0.6186666924511164	0.65132789	6914
"GO:0006401"	"RNA catabolic process"	NaN	2.2121876044039577	0.7766804103940933	0.6334529421682168	0.74239088	6914
"GO:0006402"	"mRNA catabolic process"	NaN	2.1172712956557644	0.6232620577236553	0.6118719780449324	0.77887845	6914
"GO:0016236"	"macroautophagy"	NaN	2.2648178230095364	0.8773612043340685	0.6344339852487068	0.82229038	6914
"GO:0019439"	"aromatic compound catabolic process"	NaN	2.5276299008713385	1.610892703039601	0.6163792939053181	0.49280771	6914
"GO:0034655"	"nucleobase-containing compound catabolic process"	NaN	2.4471580313422194	1.3376162623453831	0.6180993350400281	0.46865084	6914
"GO:0044270"	"cellular nitrogen compound catabolic process"	NaN	2.503790683057181	1.5245948796624795	0.6176346244500849	0.48674377	6914
"GO:0046700"	"heterocycle catabolic process"	NaN	2.5024271199844326	1.5198005561415284	0.6182183297516871	0.48115562	6914
"GO:0007163"	"establishment or maintenance of cell polarity"	NaN	2.311753861055754	0.9780419982740436	0.6441384972826545	0.19917434	null
"GO:0007169"	"transmembrane receptor protein tyrosine kinase signaling pathway"	NaN	2.6190933306267428	1.9896442611947456	0.5995574966107968	0.27104824	null
"GO:0007254"	"JNK cascade"	NaN	1.7481880270062005	0.26368779365231565	0.6570530758072467	0.26939003	null
"GO:0051403"	"stress-activated MAPK cascade"	NaN	1.8692317197309762	0.34998561702943715	0.6497352840683407	0.80329478	7254
"GO:0007264"	"small GTPase mediated signal transduction"	NaN	2.3909351071033793	1.1746092626330424	0.6164989150218588	0.37430817	null
"GO:0007265"	"Ras protein signal transduction"	NaN	2.2600713879850747	0.8677725572921661	0.6259175748767065	0.31301119	null
"GO:0007492"	"endoderm development"	NaN	1.9344984512435677	0.4075174992808515	0.6543135404612095	0.23945548	null
"GO:0007549"	"dosage compensation"	NaN	1.3424226808222062	0.10068079393997506	0.6734120426327844	0.32812791	null
"GO:0031507"	"heterochromatin formation"	NaN	1.8129133566428555	0.3068367053408764	0.6389092779151394	0.53364584	7549
"GO:0045814"	"negative regulation of gene expression, epigenetic"	NaN	1.9731278535996986	0.445872087448461	0.62847639430029	0.42411291	7549
"GO:0140718"	"facultative heterochromatin formation"	NaN	1.414973347970818	0.11985808802377985	0.6640288186369303	0.64205161	7549
"GO:0007623"	"circadian rhythm"	NaN	2.2430380486862944	0.8342122926455078	0.6519483051091071	0.19312894	null
"GO:0032922"	"circadian regulation of gene expression"	NaN	1.8692317197309762	0.34998561702943715	0.6541274110459072	0.52158912	7623
"GO:0008154"	"actin polymerization or depolymerization"	NaN	1.7634279935629373	0.273276440694218	0.6680060650658961	0.32417058	null
"GO:0007015"	"actin filament organization"	NaN	2.419955748489758	1.2561127624892128	0.6268440156722066	0.71750107	8154
"GO:0030036"	"actin cytoskeleton organization"	NaN	2.727541257028556	2.5553744366669866	0.6042424671975892	0.48634523	8154
"GO:0031032"	"actomyosin structure organization"	NaN	2.0718820073061255	0.5609358519512897	0.6499180008283418	0.57344659	8154
"GO:0008213"	"protein alkylation"	NaN	2.0253058652647704	0.5034039696998753	0.6552140254847159	0.26641791	null
"GO:0008380"	"RNA splicing"	NaN	2.5538830266438746	1.7115734969795762	0.6143919138848176	0.34264038	null
"GO:0000375"	"RNA splicing, via transesterification reactions"	NaN	2.3443922736851106	1.0547511746092626	0.6276157374694387	0.7039819	8380
"GO:0000377"	"RNA splicing, via transesterification reactions with bulged adenosine as nucleophile"	NaN	2.3443922736851106	1.0547511746092626	0.6262359133203196	1	8380
"GO:0000398"	"mRNA splicing, via spliceosome"	NaN	2.3443922736851106	1.0547511746092626	0.6244099567016715	0.63392365	8380
"GO:0006397"	"mRNA processing"	NaN	2.6503075231319366	2.1382682903442323	0.6046114284361711	0.61315657	8380
"GO:0009048"	"dosage compensation by inactivation of X chromosome"	NaN	1.3010299956639813	0.09109214689807268	0.6757437283999573	0.19681125	null
"GO:0009791"	"post-embryonic development"	NaN	2.113943352306837	0.618467734202704	0.6426817534828192	0.21470056	null
"GO:0009895"	"negative regulation of catabolic process"	NaN	2.5390760987927767	1.654041614728162	0.5984784222706573	0.2993667	null
"GO:0009896"	"positive regulation of catabolic process"	NaN	2.7323937598229686	2.5841403777926932	0.5795177751971283	0.59252695	9895
"GO:0031330"	"negative regulation of cellular catabolic process"	NaN	2.287801729930226	0.9253044395435804	0.6121641607753634	0.5782409	9895
"GO:0042176"	"regulation of protein catabolic process"	NaN	2.574031267727719	1.7930769968357467	0.5961550331477871	0.53150309	9895
"GO:0042177"	"negative regulation of protein catabolic process"	NaN	2.0644579892269186	0.5513472049093873	0.629457203269638	0.41777545	9895
"GO:1901799"	"negative regulation of proteasomal protein catabolic process"	NaN	1.7323937598229686	0.2540991466104133	0.6516214853325115	0.43655455	9895
"GO:0009988"	"cell-cell recognition"	NaN	1.8750612633917	0.35477994055038836	0.6691198450496287	0.17209726	null
"GO:0001771"	"immunological synapse formation"	NaN	1.146128035678238	0.062326205772365514	0.692065462150401	0.42853165	9988
"GO:0010035"	"response to inorganic substance"	NaN	2.7730546933642626	2.838239524403107	0.6074098802082765	0.33106248	null
"GO:0010559"	"regulation of glycoprotein biosynthetic process"	NaN	1.6532125137753437	0.21095023492185253	0.6654438388502165	0.18473742	null
"GO:0010563"	"negative regulation of phosphorus metabolic process"	NaN	2.6464037262230695	2.1190909962604274	0.5912677058126752	0.39275531	null
"GO:0010586"	"miRNA metabolic process"	NaN	1.3222192947339193	0.09588647041902389	0.6915712155042395	0.1456885	null
"GO:0010591"	"regulation of lamellipodium assembly"	NaN	1.6232492903979006	0.19656726435899893	0.6644162765140894	0.19549717	null
"GO:0010592"	"positive regulation of lamellipodium assembly"	NaN	1.4913616938342726	0.1438297056285358	0.6663370001671501	0.74510009	10591
"GO:0051491"	"positive regulation of filopodium assembly"	NaN	1.5797835966168101	0.17738997027519418	0.6621145566629811	0.40800421	10591
"GO:0010608"	"post-transcriptional regulation of gene expression"	NaN	2.7450747915820575	2.6608495541279127	0.5933366522109084	0.31207169	null
"GO:0010556"	"regulation of macromolecule biosynthetic process"	NaN	3.593286067020457	18.788953878607728	0.5093280015895604	0.44186378	10608
"GO:0010558"	"negative regulation of macromolecule biosynthetic process"	NaN	3.2111205412580492	7.79077572154569	0.5432520248190622	0.69435182	10608
"GO:0010907"	"positive regulation of glucose metabolic process"	NaN	1.7853298350107671	0.2876594112570716	0.6522005070249093	0.19856586	null
"GO:0010906"	"regulation of glucose metabolic process"	NaN	2.093421685162235	0.5897017930769968	0.6376906073700576	0.63822152	10907
"GO:0043255"	"regulation of carbohydrate biosynthetic process"	NaN	2.0863598306747484	0.5801131460350945	0.6372976039335959	0.67382324	10907
"GO:0043470"	"regulation of carbohydrate catabolic process"	NaN	1.8512583487190752	0.33560264646658355	0.6471519513612989	0.49176057	10907
"GO:0045913"	"positive regulation of carbohydrate metabolic process"	NaN	2.0043213737826426	0.4794323520951194	0.6380188696765743	0.5519796	10907
"GO:0014855"	"striated muscle cell proliferation"	NaN	1.6232492903979006	0.19656726435899893	0.6808722138334491	0.28227053	null
"GO:0014896"	"muscle hypertrophy"	NaN	1.6532125137753437	0.21095023492185253	0.6758795727127156	0.37782377	null
"GO:0015800"	"acidic amino acid transport"	NaN	1.662757831681574	0.2157445584428037	0.6772896484340609	0.1991832	null
"GO:0006835"	"dicarboxylic acid transport"	NaN	1.8692317197309762	0.34998561702943715	0.6668733941012053	0.40276477	15800
"GO:0015813"	"L-glutamate transmembrane transport"	NaN	1.3979400086720377	0.11506376450282865	0.6860896097000824	0.45431441	15800
"GO:0051938"	"L-glutamate import"	NaN	1.4471580313422192	0.12944673506568222	0.6877531872819366	0.66896343	15800
"GO:0015980"	"energy derivation by oxidation of organic compounds"	NaN	2.437750562820388	1.308850321219676	0.627588361281982	0.23050546	null
"GO:0006099"	"tricarboxylic acid cycle"	NaN	1.5563025007672873	0.16780132323329178	0.6802728449857349	0.48434177	15980
"GO:0045333"	"cellular respiration"	NaN	2.307496037913213	0.9684533512321412	0.6362517883568055	0.76723922	15980
"GO:0016032"	"viral process"	NaN	2.2227164711475833	0.7958577044778983	0.6541227034294885	0.18766894	null
"GO:0016358"	"dendrite development"	NaN	2.167317334748176	0.6999712340588743	0.6249898320480649	0.30036715	null
"GO:0016441"	"post-transcriptional gene silencing"	NaN	1.6020599913279623	0.18697861731709656	0.660307710613071	0.29358577	null
"GO:0016570"	"histone modification"	NaN	2.3944516808262164	1.1841979096749449	0.6315646834289614	0.31232569	null
"GO:0018107"	"peptidyl-threonine phosphorylation"	NaN	1.8573324964312685	0.34039696998753477	0.6570960453650937	0.20312007	null
"GO:0018210"	"peptidyl-threonine modification"	NaN	1.9138138523837167	0.38834020519704665	0.6582026754943843	0.34153385	null
"GO:0019079"	"viral genome replication"	NaN	1.0791812460476249	0.05273755873046313	0.7107113932692313	0.27028097	null
"GO:0019080"	"viral gene expression"	NaN	1.380211241711606	0.11026944098187746	0.6966512583941813	0.32926194	null
"GO:0019058"	"viral life cycle"	NaN	2.130333768495006	0.6424393518074599	0.6571284576000307	0.51245692	19080
"GO:0019083"	"viral transcription"	NaN	0.7781512503836436	0.02397161760475597	0.7243736501986628	0	null
"GO:0022407"	"regulation of cell-cell adhesion"	NaN	2.708420900134713	2.4451049956851088	0.5978087488791793	0.26041767	null
"GO:0022409"	"positive regulation of cell-cell adhesion"	NaN	2.5237464668115646	1.5965097324767474	0.6030573780995339	0.76299024	22407
"GO:0045785"	"positive regulation of cell adhesion"	NaN	2.7168377232995247	2.493048230894621	0.5891573813514588	0.70535965	22407
"GO:1903037"	"regulation of leukocyte cell-cell adhesion"	NaN	2.583198773968623	1.8314315850033558	0.6056560524731593	0.64447255	22407
"GO:0030011"	"maintenance of cell polarity"	NaN	1.2787536009528289	0.08629782337712148	0.7001723077997632	0.13394017	null
"GO:0030029"	"actin filament-based process"	NaN	2.7701152947871015	2.8190622303193016	0.6126266877176987	0.2547788	null
"GO:0030032"	"lamellipodium assembly"	NaN	1.591064607026499	0.18218429379614537	0.6783822467339882	0.20180534	null
"GO:0030041"	"actin filament polymerization"	NaN	1.5314789170422551	0.15821267619138937	0.6778775478127793	0.39028749	null
"GO:0030099"	"myeloid cell differentiation"	NaN	2.5171958979499744	1.5725381148719915	0.6030171003878354	0.38829103	null
"GO:0002521"	"leukocyte differentiation"	NaN	2.6866362692622934	2.325246907661329	0.5887126989660223	0.62280095	30099
"GO:0061515"	"myeloid cell development"	NaN	1.9590413923210936	0.4314891168856074	0.6424546350480621	0.42787179	30099
"GO:0030219"	"megakaryocyte differentiation"	NaN	1.5185139398778875	0.1534183526704382	0.6696285212721705	0.32137555	null
"GO:0030335"	"positive regulation of cell migration"	NaN	2.775974331129369	2.8574168184869113	0.5879329648832998	0.27670693	null
"GO:0040017"	"positive regulation of locomotion"	NaN	2.8068580295188172	3.0683670534087644	0.5884859141460157	0.66122516	30335
"GO:2000147"	"positive regulation of cell motility"	NaN	2.795184589682424	2.9868635535525936	0.5862983689853535	0.95911702	30335
"GO:0030522"	"intracellular receptor signaling pathway"	NaN	2.1986570869544226	0.7527087927893374	0.631819322845376	0.21462261	null
"GO:0030865"	"cortical cytoskeleton organization"	NaN	1.724275869600789	0.24930482308946206	0.6717629240549218	0.26063498	null
"GO:0030866"	"cortical actin cytoskeleton organization"	NaN	1.6232492903979006	0.19656726435899893	0.6759758112572318	0.19219264	null
"GO:0031047"	"RNA-mediated gene silencing"	NaN	1.99563519459755	0.46984370505321704	0.640926070130157	0.21936518	null
"GO:0031098"	"stress-activated protein kinase signaling cascade"	NaN	1.9294189257142926	0.40272317575990024	0.6474880525381761	0.25821985	null
"GO:0031647"	"regulation of protein stability"	NaN	2.5024271199844326	1.5198005561415284	0.6190964468674921	0.28915979	null
"GO:0031648"	"protein destabilization"	NaN	1.7558748556724915	0.26848211717326687	0.6667953572672105	0.16437916	null
"GO:0031929"	"TOR signaling"	NaN	1.591064607026499	0.18218429379614537	0.668003785538547	0.17564615	null
"GO:0031958"	"corticosteroid receptor signaling pathway"	NaN	0.8450980400142568	0.028765941125707163	0.6967467637519428	0.34657706	null
"GO:0032006"	"regulation of TOR signaling"	NaN	2.12057393120585	0.6280563812446064	0.6377982686719861	0.29388314	null
"GO:0032008"	"positive regulation of TOR signaling"	NaN	1.7323937598229686	0.2540991466104133	0.6551421150036791	0.27347972	null
"GO:0032007"	"negative regulation of TOR signaling"	NaN	1.8325089127062364	0.32121967590372996	0.6508114626970994	0.59375656	32008
"GO:0032535"	"regulation of cellular component size"	NaN	2.6148972160331345	1.9704669671109405	0.5984132841605503	0.38171585	null
"GO:0008361"	"regulation of cell size"	NaN	2.3443922736851106	1.0547511746092626	0.6184894286381963	0.6336946	32535
"GO:0030832"	"regulation of actin filament length"	NaN	2.2329961103921536	0.815034998561703	0.614655099979963	0.59170863	32535
"GO:0032956"	"regulation of actin cytoskeleton organization"	NaN	2.5599066250361124	1.7355451145843321	0.6023433449642074	0.81949161	32535
"GO:0110053"	"regulation of actin filament organization"	NaN	2.450249108319361	1.3472049093872853	0.6106719933238965	0.69528366	32535
"GO:0032663"	"regulation of interleukin-2 production"	NaN	1.845098040014257	0.33080832294563234	0.6500501710326634	0.1997696	null
"GO:0032784"	"regulation of DNA-templated transcription elongation"	NaN	1.9444826721501687	0.4171061463227539	0.6472417229198508	0.23420392	null
"GO:0032970"	"regulation of actin filament-based process"	NaN	2.6148972160331345	1.9704669671109405	0.6118675754744125	0.25217551	null
"GO:0033002"	"muscle cell proliferation"	NaN	1.7481880270062005	0.26368779365231565	0.6756857855433653	0.1577915	null
"GO:0033044"	"regulation of chromosome organization"	NaN	2.3961993470957363	1.1889922331958962	0.6180142471094658	0.27348875	null
"GO:0010638"	"positive regulation of organelle organization"	NaN	2.7371926427047373	2.6129063189184007	0.5816540554584996	0.58960097	33044
"GO:0051493"	"regulation of cytoskeleton organization"	NaN	2.7331972651065692	2.5889347013136446	0.5912442749332025	0.49067541	33044
"GO:0033143"	"regulation of intracellular steroid hormone receptor signaling pathway"	NaN	1.9084850188786497	0.38354588167609555	0.6529887889381488	0.18195554	null
"GO:0033144"	"negative regulation of intracellular steroid hormone receptor signaling pathway"	NaN	1.6232492903979006	0.19656726435899893	0.6658573985539195	0.22476882	null
"GO:0033962"	"P-body assembly"	NaN	1.1760912590556813	0.06712052929331672	0.699259916508219	0.14247324	null
"GO:0033993"	"response to lipid"	NaN	2.973589623427257	4.506664109694122	0.5874923330094053	0.37428902	null
"GO:0014070"	"response to organic cyclic compound"	NaN	2.989894563718773	4.679259756448365	0.5860850399508528	0.49871152	33993
"GO:0034063"	"stress granule assembly"	NaN	1.4313637641589874	0.12465241154473103	0.6865690085694812	0.34472811	null
"GO:0034248"	"regulation of amide metabolic process"	NaN	2.7193312869837265	2.5074312014574742	0.5964821398187288	0.30125993	null
"GO:0034504"	"protein localization to nucleus"	NaN	2.303196057420489	0.9588647041902388	0.6374018402967193	0.30515529	null
"GO:0072594"	"establishment of protein localization to organelle"	NaN	2.53655844257153	1.6444529676862594	0.620794040920964	0.52315508	34504
"GO:0034728"	"nucleosome organization"	NaN	1.9294189257142926	0.40272317575990024	0.6565177321666936	0.36482816	null
"GO:0035195"	"miRNA-mediated gene silencing"	NaN	1.380211241711606	0.11026944098187746	0.6706343270968914	0.27316184	null
"GO:0035194"	"ncRNA-mediated post-transcriptional gene silencing"	NaN	1.462397997898956	0.13424105858663343	0.6662130647428526	0.72820305	35195
"GO:0035278"	"miRNA-mediated gene silencing by inhibition of translation"	NaN	1.1760912590556813	0.06712052929331672	0.6767202116166137	0.72126124	35195
"GO:0035264"	"multicellular organism growth"	NaN	2.1172712956557644	0.6232620577236553	0.6401927078714007	0.38060364	null
"GO:0016049"	"cell growth"	NaN	2.1398790864012365	0.6568223223703136	0.6486832264953764	0.45876897	35264
"GO:0035265"	"organ growth"	NaN	2.1335389083702174	0.6472336753284111	0.639108918552969	0.46013732	35264
"GO:0048588"	"developmental cell growth"	NaN	2.1271047983648077	0.6376450282865088	0.6326133800311167	0.45402464	35264
"GO:0048589"	"developmental growth"	NaN	2.7209857441537393	2.517019848499377	0.5976262886589526	0.63153691	35264
"GO:0035303"	"regulation of dephosphorylation"	NaN	2.113943352306837	0.618467734202704	0.6361917229951249	0.23317729	null
"GO:0035305"	"negative regulation of dephosphorylation"	NaN	1.6901960800285136	0.2301275290056573	0.654817095444824	0.2849261	null
"GO:0001934"	"positive regulation of protein phosphorylation"	NaN	2.8959747323590648	3.768338287467638	0.5602586370407932	0.68840462	35305
"GO:0010923"	"negative regulation of phosphatase activity"	NaN	1.568201724066995	0.17259564675424297	0.6583287578029023	0.76862179	35305
"GO:0032515"	"negative regulation of phosphoprotein phosphatase activity"	NaN	1.3617278360175928	0.10547511746092626	0.6679744668325361	0.6601053	35305
"GO:0035304"	"regulation of protein dephosphorylation"	NaN	1.9493900066449128	0.42190046984370505	0.6391841689641042	0.62678025	35305
"GO:0035308"	"negative regulation of protein dephosphorylation"	NaN	1.5185139398778875	0.1534183526704382	0.6604002450656651	0.49145164	35305
"GO:0042327"	"positive regulation of phosphorylation"	NaN	2.9283958522567137	4.0607920222456615	0.5620625085212391	0.89869427	35305
"GO:0043549"	"regulation of kinase activity"	NaN	2.8567288903828825	3.4423242880429568	0.5756159038881632	0.555566	35305
"GO:0043666"	"regulation of phosphoprotein phosphatase activity"	NaN	1.7403626894942439	0.25889347013136443	0.6500104097398363	0.64754132	35305
"GO:0045936"	"negative regulation of phosphate metabolic process"	NaN	2.6464037262230695	2.1190909962604274	0.589639346689488	0.50911804	35305
"GO:0035855"	"megakaryocyte development"	NaN	1.4313637641589874	0.12465241154473103	0.6735386964657263	0.24692157	null
"GO:0043249"	"erythrocyte maturation"	NaN	1.3222192947339193	0.09588647041902389	0.6726998924075756	0.45610415	35855
"GO:0040008"	"regulation of growth"	NaN	2.829946695941636	3.236168376642056	0.5967880173329819	0.27162044	null
"GO:0042752"	"regulation of circadian rhythm"	NaN	2.113943352306837	0.618467734202704	0.6476473616975377	0.19213026	null
"GO:0042886"	"amide transport"	NaN	2.2671717284030137	0.8821555278550197	0.6444360164515268	0.28611634	null
"GO:0042921"	"glucocorticoid receptor signaling pathway"	NaN	0.7781512503836436	0.02397161760475597	0.7004630697939904	0.12135031	null
"GO:0043200"	"response to amino acid"	NaN	2.093421685162235	0.5897017930769968	0.6488092185961866	0.19309232	null
"GO:0032868"	"response to insulin"	NaN	2.3783979009481375	1.141048997986384	0.62105087790128	0.50348042	43200
"GO:0032869"	"cellular response to insulin stimulus"	NaN	2.230448921378274	0.8102406750407517	0.6250147057590841	0.72052432	43200
"GO:0043434"	"response to peptide hormone"	NaN	2.6314437690131722	2.0471761434461597	0.601001623184666	0.79680208	43200
"GO:0071375"	"cellular response to peptide hormone stimulus"	NaN	2.428134794028789	1.2800843800939687	0.6095047837669707	0.69781592	43200
"GO:0071417"	"cellular response to organonitrogen compound"	NaN	2.7958800173440754	2.991657877073545	0.5847751640194018	0.6379313	43200
"GO:1901652"	"response to peptide"	NaN	2.7041505168397992	2.4211333780803526	0.6053354899664373	0.43997694	43200
"GO:1901653"	"cellular response to peptide"	NaN	2.5224442335063197	1.5917154089557966	0.6062178700426164	0.74715193	43200
"GO:1901699"	"cellular response to nitrogen compound"	NaN	2.828015064223977	3.221785406079202	0.5907915398688868	0.65929038	43200
"GO:0043254"	"regulation of protein-containing complex assembly"	NaN	2.661812685537261	2.1958001725956464	0.5965851688772111	0.38693278	null
"GO:0008064"	"regulation of actin polymerization or depolymerization"	NaN	2.225309281725863	0.8006520279988494	0.6142865010248104	0.93382536	43254
"GO:0030833"	"regulation of actin filament polymerization"	NaN	2.1702617153949575	0.7047655575798254	0.6139972587694088	0.66467606	43254
"GO:0031333"	"negative regulation of protein-containing complex assembly"	NaN	2.2329961103921536	0.815034998561703	0.6232617867419598	0.47107614	43254
"GO:0031334"	"positive regulation of protein-containing complex assembly"	NaN	2.3324384599156054	1.0259852334835555	0.612722180714942	0.59838285	43254
"GO:0031344"	"regulation of cell projection organization"	NaN	2.8959747323590648	3.768338287467638	0.5799428567472337	0.43752134	43254
"GO:0032271"	"regulation of protein polymerization"	NaN	2.322219294733919	1.0020136158787996	0.6211823262455151	0.56460946	43254
"GO:0032273"	"positive regulation of protein polymerization"	NaN	1.9731278535996986	0.445872087448461	0.6381087469496889	0.41512997	43254
"GO:0044089"	"positive regulation of cellular component biogenesis"	NaN	2.7442929831226763	2.6560552306069614	0.5880771166793438	0.61204854	43254
"GO:0043297"	"apical junction assembly"	NaN	1.8920946026904804	0.36916291111324195	0.6631588154689232	0.23403312	null
"GO:0043467"	"regulation of generation of precursor metabolites and energy"	NaN	2.0827853703164503	0.5753188225141432	0.6412947887985825	0.22346904	null
"GO:0043484"	"regulation of RNA splicing"	NaN	2.27415784926368	0.8965384984178734	0.6258263199438481	0.25495759	null
"GO:0043500"	"muscle adaptation"	NaN	1.568201724066995	0.17259564675424297	0.6764328159747478	0.31805997	null
"GO:0043543"	"protein acylation"	NaN	2.2013971243204513	0.7575031163102887	0.6443067028790036	0.27963943	null
"GO:0044057"	"regulation of system process"	NaN	2.828015064223977	3.221785406079202	0.586856944082449	0.31965537	null
"GO:0044403"	"biological process involved in symbiotic interaction"	NaN	2.383815365980431	1.1554319685492376	0.6428620964324986	0.20214688	null
"GO:0045058"	"T cell selection"	NaN	1.724275869600789	0.24930482308946206	0.6461027766179596	0.27201348	null
"GO:0002285"	"lymphocyte activation involved in immune response"	NaN	2.1760912590556813	0.7143542046217278	0.6269722942806489	0.43438756	45058
"GO:0002286"	"T cell activation involved in immune response"	NaN	1.968482948553935	0.44107776392750986	0.6396162677890822	0.64770441	45058
"GO:0030098"	"lymphocyte differentiation"	NaN	2.5237464668115646	1.5965097324767474	0.586574557195788	0.72377213	45058
"GO:0030183"	"B cell differentiation"	NaN	2.1818435879447726	0.7239428516636303	0.6149083306191174	0.51159971	45058
"GO:0030217"	"T cell differentiation"	NaN	2.3201462861110542	0.9972192923578482	0.6027268626348461	0.74413291	45058
"GO:0033077"	"T cell differentiation in thymus"	NaN	1.9084850188786497	0.38354588167609555	0.6332302184789476	0.50963603	45058
"GO:0035710"	"CD4-positive, alpha-beta T cell activation"	NaN	1.8920946026904804	0.36916291111324195	0.6471125861426189	0.66302973	45058
"GO:0042098"	"T cell proliferation"	NaN	2.012837224705172	0.4890209991370218	0.6396922203215174	0.41068374	45058
"GO:0042110"	"T cell activation"	NaN	2.5809249756756194	1.8218429379614536	0.6002876604918111	0.6435642	45058
"GO:0042113"	"B cell activation"	NaN	2.3521825181113627	1.0739284686930675	0.6184683399936588	0.51008857	45058
"GO:0043367"	"CD4-positive, alpha-beta T cell differentiation"	NaN	1.7781512503836436	0.28286508773612046	0.6412272583887088	0.46527397	45058
"GO:0046631"	"alpha-beta T cell activation"	NaN	2.0863598306747484	0.5801131460350945	0.6356969777999161	0.48351652	45058
"GO:0046632"	"alpha-beta T cell differentiation"	NaN	1.9590413923210936	0.4314891168856074	0.6281752500974669	0.75480955	45058
"GO:1903131"	"mononuclear cell differentiation"	NaN	2.593286067020457	1.8745804966919168	0.5935762731765092	0.79563199	45058
"GO:0045060"	"negative thymic T cell selection"	NaN	1.1760912590556813	0.06712052929331672	0.677146186045291	0.36049088	null
"GO:0043368"	"positive T cell selection"	NaN	1.568201724066995	0.17259564675424297	0.6534802271280057	0.67669796	45060
"GO:0043383"	"negative T cell selection"	NaN	1.2041199826559248	0.0719148528142679	0.6760601398625787	0.47398141	45060
"GO:0045059"	"positive thymic T cell selection"	NaN	1.1760912590556813	0.06712052929331672	0.677146186045291	0.66505991	45060
"GO:0045061"	"thymic T cell selection"	NaN	1.414973347970818	0.11985808802377985	0.6632685621707533	0.53822025	45060
"GO:0045165"	"cell fate commitment"	NaN	2.4424797690644486	1.3232332917825294	0.6186805721167459	0.29163632	null
"GO:0045185"	"maintenance of protein location"	NaN	2.0211892990699383	0.4986096461789241	0.6533474560999891	0.2506384	null
"GO:0032507"	"maintenance of protein location in cell"	NaN	1.8512583487190752	0.33560264646658355	0.6630787639280779	0.57189545	45185
"GO:0051220"	"cytoplasmic sequestering of protein"	NaN	1.380211241711606	0.11026944098187746	0.6886062019527489	0.4480404	45185
"GO:0051651"	"maintenance of location in cell"	NaN	2.0453229787866576	0.5273755873046313	0.6520836724486527	0.64421504	45185
"GO:0045445"	"myoblast differentiation"	NaN	1.6127838567197355	0.19177294083804777	0.6673598800720447	0.1907153	null
"GO:0045616"	"regulation of keratinocyte differentiation"	NaN	1.5440680443502757	0.1630069997123406	0.6681558427085565	0.22366364	null
"GO:0045637"	"regulation of myeloid cell differentiation"	NaN	2.367355921026019	1.112283056860677	0.6012167201034126	0.36504833	null
"GO:0010720"	"positive regulation of cell development"	NaN	2.739572344450092	2.6272892894812543	0.5765423046359193	0.63383541	45637
"GO:0045596"	"negative regulation of cell differentiation"	NaN	2.8870543780509568	3.691629111132419	0.5697664410234136	0.47924765	45637
"GO:0045638"	"negative regulation of myeloid cell differentiation"	NaN	2	0.47463802857416815	0.6251449315470391	0.51873839	45637
"GO:0045639"	"positive regulation of myeloid cell differentiation"	NaN	2.0644579892269186	0.5513472049093873	0.6198208688304001	0.59714222	45637
"GO:0045646"	"regulation of erythrocyte differentiation"	NaN	1.7075701760979363	0.2397161760475597	0.6496243864685828	0.44955555	45637
"GO:0050767"	"regulation of neurogenesis"	NaN	2.683947130751512	2.310863937098475	0.5830419663024891	0.78974799	45637
"GO:0050769"	"positive regulation of neurogenesis"	NaN	2.507855871695831	1.5389778502253333	0.5896192305617465	0.47871564	45637
"GO:0051960"	"regulation of nervous system development"	NaN	2.7664128471123997	2.795090612714546	0.583479101458019	0.43999955	45637
"GO:0051962"	"positive regulation of nervous system development"	NaN	2.583198773968623	1.8314315850033558	0.5898665932510831	0.69311179	45637
"GO:1902105"	"regulation of leukocyte differentiation"	NaN	2.552668216112193	1.7067791734586248	0.584741682463518	0.72889528	45637
"GO:1903706"	"regulation of hemopoiesis"	NaN	2.645422269349092	2.1142966727394765	0.5815499747425025	0.55249469	45637
"GO:1903708"	"positive regulation of hemopoiesis"	NaN	2.3242824552976926	1.0068079393997507	0.5970901169367694	0.62454334	45637
"GO:0045661"	"regulation of myoblast differentiation"	NaN	1.9444826721501687	0.4171061463227539	0.6476417471769215	0.27616663	null
"GO:0045664"	"regulation of neuron differentiation"	NaN	2.376576957056512	1.136254674465433	0.6179797992886434	0.34506254	null
"GO:0045807"	"positive regulation of endocytosis"	NaN	2.3180633349627615	0.9924249688368971	0.6103070432153495	0.34989106	null
"GO:0046034"	"ATP metabolic process"	NaN	2.0791812460476247	0.570524498993192	0.6440493090306242	0.28827548	null
"GO:0009144"	"purine nucleoside triphosphate metabolic process"	NaN	2.1760912590556813	0.7143542046217278	0.639203192934182	0.83202613	46034
"GO:0009205"	"purine ribonucleoside triphosphate metabolic process"	NaN	2.1583624920952498	0.6855882634960208	0.6401591186804524	0.89646739	46034
"GO:0046329"	"negative regulation of JNK cascade"	NaN	1.6127838567197355	0.19177294083804777	0.6608462002993488	0.36781639	null
"GO:0032872"	"regulation of stress-activated MAPK cascade"	NaN	2.315970345456918	0.9876306453159459	0.6195399692981753	0.6128948	46329
"GO:0032873"	"negative regulation of stress-activated MAPK cascade"	NaN	1.6989700043360187	0.23492185252660852	0.6556279985290528	0.90441759	46329
"GO:0046328"	"regulation of JNK cascade"	NaN	2.187520720836463	0.7335314987055326	0.6287798757665708	0.87269178	46329
"GO:0070303"	"negative regulation of stress-activated protein kinase signaling cascade"	NaN	1.7075701760979363	0.2397161760475597	0.6564576190084613	0.42672883	46329
"GO:0046578"	"regulation of Ras protein signal transduction"	NaN	2.3010299956639813	0.9540703806692875	0.6253885418426105	0.32804711	null
"GO:0046620"	"regulation of organ growth"	NaN	2.0827853703164503	0.5753188225141432	0.6330019116206687	0.25853156	null
"GO:0001558"	"regulation of cell growth"	NaN	2.6541765418779604	2.157445584428037	0.5926071777179144	0.709825	46620
"GO:0030307"	"positive regulation of cell growth"	NaN	2.3010299956639813	0.9540703806692875	0.6137377846964686	0.53562034	46620
"GO:0045927"	"positive regulation of growth"	NaN	2.494154594018443	1.4910346150158211	0.6077373326398656	0.4792334	46620
"GO:0048638"	"regulation of developmental growth"	NaN	2.597695185925512	1.8937577907757213	0.5990257999392331	0.63724707	46620
"GO:0048639"	"positive regulation of developmental growth"	NaN	2.342422680822206	1.0499568510883115	0.6097171446335135	0.74281866	46620
"GO:0055021"	"regulation of cardiac muscle tissue growth"	NaN	1.9138138523837167	0.38834020519704665	0.6387611911469623	0.45340618	46620
"GO:0055022"	"negative regulation of cardiac muscle tissue growth"	NaN	1.505149978319906	0.14862402914948702	0.6609835432555753	0.67604485	46620
"GO:0060043"	"regulation of cardiac muscle cell proliferation"	NaN	1.6901960800285136	0.2301275290056573	0.6524613143860729	0.77560731	46620
"GO:0060420"	"regulation of heart growth"	NaN	1.9444826721501687	0.4171061463227539	0.6376273589076823	0.76315009	46620
"GO:0061117"	"negative regulation of heart growth"	NaN	1.505149978319906	0.14862402914948702	0.6610457718580153	0.77868671	46620
"GO:0046661"	"male sex differentiation"	NaN	2.294466226161593	0.9396874101064341	0.6253407210708312	0.26856183	null
"GO:0003006"	"developmental process involved in reproduction"	NaN	3.050379756261458	5.3792309905072395	0.5711885096334343	0.74798951	46661
"GO:0008584"	"male gonad development"	NaN	2.2355284469075487	0.8198293220826541	0.6256889489509831	0.75022463	46661
"GO:0019953"	"sexual reproduction"	NaN	3.064083435963596	5.551826637261483	0.5887185497187761	0.54554571	46661
"GO:0032504"	"multicellular organism reproduction"	NaN	3.044147620878723	5.30252181417202	0.5807629639041593	0.74451578	46661
"GO:0046546"	"development of primary male sexual characteristics"	NaN	2.2380461031287955	0.8246236456036053	0.6284201802740785	0.89606732	46661
"GO:0048608"	"reproductive structure development"	NaN	2.5550944485783194	1.7163678205005275	0.605688057531066	0.44973987	46661
"GO:0048609"	"multicellular organismal reproductive process"	NaN	3.0199466816788423	5.0148624029149484	0.5828868124124911	0.7313265	46661
"GO:0072520"	"seminiferous tubule development"	NaN	1.3617278360175928	0.10547511746092626	0.6800890299698523	0.41763824	46661
"GO:0046777"	"protein autophosphorylation"	NaN	2.3096301674258988	0.9732476747530923	0.6316471633225559	0.38555238	null
"GO:0018105"	"peptidyl-serine phosphorylation"	NaN	2.2648178230095364	0.8773612043340685	0.6306695512459941	0.45819255	46777
"GO:0018205"	"peptidyl-lysine modification"	NaN	2.367355921026019	1.112283056860677	0.6288328951978488	0.49634521	46777
"GO:0018209"	"peptidyl-serine modification"	NaN	2.3096301674258988	0.9732476747530923	0.6328367647777232	0.47219621	46777
"GO:0046822"	"regulation of nucleocytoplasmic transport"	NaN	2.130333768495006	0.6424393518074599	0.6339030331682325	0.34629183	null
"GO:0032388"	"positive regulation of intracellular transport"	NaN	2.290034611362518	0.9300987630645315	0.6159025154562972	0.60214424	46822
"GO:0042307"	"positive regulation of protein import into nucleus"	NaN	1.7323937598229686	0.2540991466104133	0.6514019212391138	0.60638396	46822
"GO:0046824"	"positive regulation of nucleocytoplasmic transport"	NaN	1.8864907251724818	0.36436858759229074	0.6434833775097514	0.48362452	46822
"GO:0046879"	"hormone secretion"	NaN	2.0453229787866576	0.5273755873046313	0.6375359124916815	0.25217804	null
"GO:0099536"	"synaptic signaling"	NaN	2.649334858712142	2.133473966823281	0.6036223231086808	0.44518073	46879
"GO:0048268"	"clathrin coat assembly"	NaN	1.2304489213782739	0.0767091763352191	0.6960765887131926	0.18556574	null
"GO:0048511"	"rhythmic process"	NaN	2.5118833609788744	1.5533608207881866	0.6359228728177623	0.21070449	null
"GO:0048524"	"positive regulation of viral process"	NaN	1.8260748027008264	0.31642535238277875	0.6584507916849486	0.18065182	null
"GO:0045070"	"positive regulation of viral genome replication"	NaN	1.4771212547196624	0.13903538210758462	0.6780015865106332	0.44304954	48524
"GO:0048534"	"hematopoietic or lymphoid organ development"	NaN	2.0969100130080562	0.5944961165979481	0.6352799788327169	0.25203519	null
"GO:0048538"	"thymus development"	NaN	1.7634279935629373	0.273276440694218	0.6561950892127432	0.58078145	48534
"GO:0048545"	"response to steroid hormone"	NaN	2.4668676203541096	1.3999424681177486	0.617074644964736	0.39537659	null
"GO:0009725"	"response to hormone"	NaN	2.929418925714293	4.070380669287563	0.5842543478724525	0.57748196	48545
"GO:0009755"	"hormone-mediated signaling pathway"	NaN	2.0644579892269186	0.5513472049093873	0.6267962646861607	0.45938024	48545
"GO:0030518"	"intracellular steroid hormone receptor signaling pathway"	NaN	1.6901960800285136	0.2301275290056573	0.6466170528316292	0.61200467	48545
"GO:0030521"	"androgen receptor signaling pathway"	NaN	1.3424226808222062	0.10068079393997506	0.66833919133664	0.62154289	48545
"GO:0031960"	"response to corticosteroid"	NaN	2.2810333672477277	0.9109214689807268	0.626582713928235	0.70345097	48545
"GO:0032870"	"cellular response to hormone stimulus"	NaN	2.7032913781186614	2.4163390545594017	0.5928418165730632	0.59171528	48545
"GO:0043401"	"steroid hormone mediated signaling pathway"	NaN	1.8129133566428555	0.3068367053408764	0.639171508949847	0.59840028	48545
"GO:0051384"	"response to glucocorticoid"	NaN	2.2329961103921536	0.815034998561703	0.6293331549426204	0.70226283	48545
"GO:0070848"	"response to growth factor"	NaN	2.724275869600789	2.5361971425831813	0.6047789947350373	0.45554337	48545
"GO:0071383"	"cellular response to steroid hormone stimulus"	NaN	2.1702617153949575	0.7047655575798254	0.6290395307189373	0.44941493	48545
"GO:0071384"	"cellular response to corticosteroid stimulus"	NaN	1.9084850188786497	0.38354588167609555	0.6449024904052795	0.63523838	48545
"GO:0071385"	"cellular response to glucocorticoid stimulus"	NaN	1.863322860120456	0.34519129350848593	0.6479510501005054	0.52462708	48545
"GO:0071396"	"cellular response to lipid"	NaN	2.75815462196739	2.742353053984083	0.5943984663931487	0.58022248	48545
"GO:0071407"	"cellular response to organic cyclic compound"	NaN	2.7126497016272113	2.4690766132898645	0.5983906877329415	0.55502842	48545
"GO:0048732"	"gland development"	NaN	2.711807229041191	2.4642822897689136	0.6003894375271143	0.34540748	null
"GO:0007420"	"brain development"	NaN	2.9116901587538613	3.907373669575223	0.5756976969022695	0.41983049	48732
"GO:0021537"	"telencephalon development"	NaN	2.496929648073215	1.5006232620577236	0.6095424965109337	0.6773595	48732
"GO:0021543"	"pallium development"	NaN	2.326335860928751	1.0116022629207018	0.6221968820953419	0.60694977	48732
"GO:0021761"	"limbic system development"	NaN	2.146128035678238	0.666410969412216	0.6352854347714255	0.54679156	48732
"GO:0021766"	"hippocampus development"	NaN	2.0253058652647704	0.5034039696998753	0.6431077431277	0.60767484	48732
"GO:0030900"	"forebrain development"	NaN	2.670245853074124	2.2389490842842075	0.5966555606834368	0.7677258	48732
"GO:0048863"	"stem cell differentiation"	NaN	2.3201462861110542	0.9972192923578482	0.6274687237102764	0.24266163	null
"GO:0048872"	"homeostasis of number of cells"	NaN	2.5276299008713385	1.610892703039601	0.6220374818955766	0.26009974	null
"GO:0001678"	"intracellular glucose homeostasis"	NaN	2.0569048513364727	0.541758557867485	0.6607773705154502	0.53507257	48872
"GO:0002262"	"myeloid cell homeostasis"	NaN	2.2095150145426308	0.7718860868731422	0.6361612008515783	0.52504306	48872
"GO:0030218"	"erythrocyte differentiation"	NaN	2.060697840353612	0.546552881388436	0.6250975548492874	0.55898779	48872
"GO:0034101"	"erythrocyte homeostasis"	NaN	2.0969100130080562	0.5944961165979481	0.6420853561301288	0.79156181	48872
"GO:0048821"	"erythrocyte development"	NaN	1.6989700043360187	0.23492185252660852	0.6494147274129576	0.69456868	48872
"GO:0055082"	"intracellular chemical homeostasis"	NaN	2.782472624166286	2.9005657301754724	0.6132295539541467	0.48406974	48872
"GO:0050773"	"regulation of dendrite development"	NaN	2.161368002234975	0.6903825870169719	0.6265452946289374	0.34485816	null
"GO:0010975"	"regulation of neuron projection development"	NaN	2.760422483423212	2.756736024546936	0.5878560885140695	0.874032	50773
"GO:0031346"	"positive regulation of cell projection organization"	NaN	2.6599162000698504	2.186211525553744	0.5875907758332092	0.5067094	50773
"GO:0120035"	"regulation of plasma membrane bounded cell projection organization"	NaN	2.887617300335736	3.6964234346533704	0.5766200546022674	0.80332521	50773
"GO:0050792"	"regulation of viral process"	NaN	2.271841606536499	0.891744174896922	0.637530744616465	0.20668078	null
"GO:0050804"	"modulation of chemical synaptic transmission"	NaN	2.7774268223893115	2.867005465528814	0.5938442533050982	0.37208296	null
"GO:0050848"	"regulation of calcium-mediated signaling"	NaN	1.9493900066449128	0.42190046984370505	0.6488626758158069	0.24287662	null
"GO:0050850"	"positive regulation of calcium-mediated signaling"	NaN	1.662757831681574	0.2157445584428037	0.6602800189174352	0.25861365	null
"GO:0050854"	"regulation of antigen receptor-mediated signaling pathway"	NaN	1.8260748027008264	0.31642535238277875	0.6490853804354489	0.23572365	null
"GO:0050900"	"leukocyte migration"	NaN	2.383815365980431	1.1554319685492376	0.6300455667246491	0.30695743	null
"GO:0051052"	"regulation of DNA metabolic process"	NaN	2.733999286538387	2.593729024834596	0.591572242879572	0.33472066	null
"GO:0051054"	"positive regulation of DNA metabolic process"	NaN	2.513217600067939	1.558155144309138	0.6007912860884176	0.33849551	null
"GO:1905168"	"positive regulation of double-strand break repair via homologous recombination"	NaN	1.591064607026499	0.18218429379614537	0.6577175094138495	0.42110093	51054
"GO:0051056"	"regulation of small GTPase mediated signal transduction"	NaN	2.3654879848909	1.1074887333397259	0.6207534344344685	0.35988884	null
"GO:0043408"	"regulation of MAPK cascade"	NaN	2.88024177589548	3.634097228881005	0.5792799761408473	0.54402121	51056
"GO:1902532"	"negative regulation of intracellular signal transduction"	NaN	2.747411807886423	2.6752325246907662	0.5853440097851258	0.42476898	51056
"GO:0051098"	"regulation of binding"	NaN	2.6190933306267428	1.9896442611947456	0.611478788315422	0.24712432	null
"GO:0043547"	"positive regulation of GTPase activity"	NaN	2.419955748489758	1.2561127624892128	0.6247662118127779	0.54511758	51098
"GO:0051345"	"positive regulation of hydrolase activity"	NaN	2.756636108245848	2.7327644069421804	0.5994751777790487	0.4054626	51098
"GO:0051100"	"negative regulation of binding"	NaN	2.2576785748691846	0.8629782337712149	0.6348737696689783	0.3446324	null
"GO:0032091"	"negative regulation of protein binding"	NaN	2.012837224705172	0.4890209991370218	0.6506330214959091	0.50704192	51100
"GO:0043393"	"regulation of protein binding"	NaN	2.361727836017593	1.0979000862978232	0.6281179896217883	0.61690763	51100
"GO:0051147"	"regulation of muscle cell differentiation"	NaN	2.2095150145426308	0.7718860868731422	0.6300064979773593	0.30000709	null
"GO:0051148"	"negative regulation of muscle cell differentiation"	NaN	1.8388490907372552	0.3260139994246812	0.648416448456656	0.28873768	null
"GO:0051153"	"regulation of striated muscle cell differentiation"	NaN	2.0293837776852097	0.5081982932208265	0.6403013815183624	0.64274086	51148
"GO:0051154"	"negative regulation of striated muscle cell differentiation"	NaN	1.6434526764861874	0.20615591140090134	0.6604833295103224	0.51343285	51148
"GO:0051235"	"maintenance of location"	NaN	2.307496037913213	0.9684533512321412	0.6431875745166098	0.22969325	null
"GO:0051258"	"protein polymerization"	NaN	2.0043213737826426	0.4794323520951194	0.6540506417369394	0.30002923	null
"GO:0051402"	"neuron apoptotic process"	NaN	2.093421685162235	0.5897017930769968	0.6556289661239593	0.18311244	null
"GO:0097190"	"apoptotic signaling pathway"	NaN	2.531478917042255	1.6252756736024547	0.6060030614871467	0.4112982	51402
"GO:0051592"	"response to calcium ion"	NaN	2.2068258760318495	0.7670917633521911	0.6410986680642452	0.30856695	null
"GO:0010038"	"response to metal ion"	NaN	2.6053050461411096	1.9273180554223799	0.6181995567912462	0.64611153	51592
"GO:0071241"	"cellular response to inorganic substance"	NaN	2.3944516808262164	1.1841979096749449	0.626184109071493	0.51339275	51592
"GO:1902075"	"cellular response to salt"	NaN	2.3364597338485296	1.0355738805254577	0.6309607110038953	0.58479858	51592
"GO:0051640"	"organelle localization"	NaN	2.73559889969818	2.603317671876498	0.6135507345809901	0.30561925	null
"GO:0051851"	"modulation by host of symbiont process"	NaN	1.9242792860618816	0.39792885223894914	0.6672402783475514	0.31941652	null
"GO:0043923"	"positive regulation by host of viral transcription"	NaN	1.255272505103306	0.0815034998561703	0.7013992540716049	0.52376847	51851
"GO:0044788"	"modulation by host of viral process"	NaN	1.6720978579357175	0.22053888196375493	0.6806809611258976	0.67707941	51851
"GO:0051702"	"biological process involved in interaction with symbiont"	NaN	2.03342375548695	0.5129926167417778	0.6621004455476132	0.55079054	51851
"GO:0051987"	"positive regulation of attachment of spindle microtubules to kinetochore"	NaN	1.1139433523068367	0.057531882251414326	0.6961247142653697	0.14107765	null
"GO:0055017"	"cardiac muscle tissue growth"	NaN	1.7075701760979363	0.2397161760475597	0.6505360394497435	0.29163011	null
"GO:0007517"	"muscle organ development"	NaN	2.4913616938342726	1.481445967973919	0.6113212592782654	0.62647817	55017
"GO:0007519"	"skeletal muscle tissue development"	NaN	2.2013971243204513	0.7575031163102887	0.6268860839994436	0.44165264	55017
"GO:0014706"	"striated muscle tissue development"	NaN	2.3443922736851106	1.0547511746092626	0.6233512188783016	0.67158558	55017
"GO:0030239"	"myofibril assembly"	NaN	1.8195439355418688	0.31163102886182764	0.6395089108380982	0.55447848	55017
"GO:0042692"	"muscle cell differentiation"	NaN	2.499687082618404	1.510211909099626	0.6075319106088366	0.67653254	55017
"GO:0048738"	"cardiac muscle tissue development"	NaN	2.3324384599156054	1.0259852334835555	0.6124206939199429	0.61245272	55017
"GO:0051146"	"striated muscle cell differentiation"	NaN	2.3820170425748683	1.1506376450282865	0.6154313254089504	0.52979397	55017
"GO:0055002"	"striated muscle cell development"	NaN	1.8388490907372552	0.3260139994246812	0.6506788368722043	0.56056924	55017
"GO:0055007"	"cardiac muscle cell differentiation"	NaN	2.0681858617461617	0.5561415284303385	0.6216053871023901	0.77520966	55017
"GO:0060038"	"cardiac muscle cell proliferation"	NaN	1.5314789170422551	0.15821267619138937	0.6569557874998289	0.80172944	55017
"GO:0060419"	"heart growth"	NaN	1.7403626894942439	0.25889347013136443	0.6540616225329645	0.54665606	55017
"GO:0060538"	"skeletal muscle organ development"	NaN	2.2355284469075487	0.8198293220826541	0.6298875479928607	0.64588478	55017
"GO:0060147"	"regulation of post-transcriptional gene silencing"	NaN	1.5563025007672873	0.16780132323329178	0.6730794699792841	0.17449959	null
"GO:0060211"	"regulation of nuclear-transcribed mRNA poly(A) tail shortening"	NaN	1.2041199826559248	0.0719148528142679	0.6793539049363307	0.30958716	null
"GO:0060213"	"positive regulation of nuclear-transcribed mRNA poly(A) tail shortening"	NaN	1.146128035678238	0.062326205772365514	0.6769709122522145	0.15765124	null
"GO:0060216"	"definitive hemopoiesis"	NaN	1.3617278360175928	0.10547511746092626	0.6794689948716633	0.14756206	null
"GO:0060263"	"regulation of respiratory burst"	NaN	1.2304489213782739	0.0767091763352191	0.6916105083567347	0.14491874	null
"GO:0060317"	"cardiac epithelial to mesenchymal transition"	NaN	1.4771212547196624	0.13903538210758462	0.666048561070349	0.21120135	null
"GO:0060322"	"head development"	NaN	2.942008053022313	4.190238757311343	0.5848546490087009	0.35648039	null
"GO:0060485"	"mesenchyme development"	NaN	2.399673721481038	1.1985808802377984	0.621371492575604	0.30858486	null
"GO:0060537"	"muscle tissue development"	NaN	2.582063362911709	1.826637261482405	0.6098181024905025	0.38623556	null
"GO:0060623"	"regulation of chromosome condensation"	NaN	1.146128035678238	0.062326205772365514	0.6933422014575523	0.14350759	null
"GO:0060828"	"regulation of canonical Wnt signaling pathway"	NaN	2.403120521175818	1.2081695272797008	0.6200278383862694	0.27631894	null
"GO:0061008"	"hepaticobiliary system development"	NaN	2.2174839442139063	0.7862690574359957	0.6351625979817638	0.26185318	null
"GO:0061061"	"muscle structure development"	NaN	2.733999286538387	2.593729024834596	0.602184599483692	0.31363588	null
"GO:0061384"	"heart trabecula morphogenesis"	NaN	1.568201724066995	0.17259564675424297	0.6759288681252461	0.17912193	null
"GO:0061458"	"reproductive system development"	NaN	2.561101383649056	1.7403394381052835	0.6103677237352307	0.2982894	null
"GO:0061919"	"process utilizing autophagic mechanism"	NaN	2.4800069429571505	1.4430913798063094	0.6331680950513278	0.2158864	null
"GO:0062197"	"cellular response to chemical stress"	NaN	2.439332693830263	1.3136446447406271	0.6237711401668335	0.32763669	null
"GO:0070228"	"regulation of lymphocyte apoptotic process"	NaN	1.8692317197309762	0.34998561702943715	0.6580853018340747	0.28319502	null
"GO:0070302"	"regulation of stress-activated protein kinase signaling cascade"	NaN	2.3242824552976926	1.0068079393997507	0.6218871441388721	0.3516923	null
"GO:0070828"	"heterochromatin organization"	NaN	1.8864907251724818	0.36436858759229074	0.6591030597050876	0.35140098	null
"GO:0070935"	"3'-UTR-mediated mRNA stabilization"	NaN	1.2304489213782739	0.0767091763352191	0.6668519461997059	0.31847828	null
"GO:0070988"	"demethylation"	NaN	1.662757831681574	0.2157445584428037	0.6804518707184413	0.16798017	null
"GO:0071560"	"cellular response to transforming growth factor beta stimulus"	NaN	2.1986570869544226	0.7527087927893374	0.6407515806191068	0.23352966	null
"GO:0071363"	"cellular response to growth factor stimulus"	NaN	2.7007037171450192	2.401956083996548	0.6040440197973588	0.65264363	71560
"GO:0071559"	"response to transforming growth factor beta"	NaN	2.2174839442139063	0.7862690574359957	0.640402098083605	0.49111865	71560
"GO:0071824"	"protein-DNA complex organization"	NaN	2.9014583213961123	3.81628152267715	0.5914895601753511	0.37552045	null
"GO:0006325"	"chromatin organization"	NaN	2.8561244442423	3.4375299645220054	0.590929434288563	0.8523316	71824
"GO:0006338"	"chromatin remodeling"	NaN	2.7737864449811935	2.843033847924058	0.5973277075523032	0.54967512	71824
"GO:0040029"	"epigenetic regulation of gene expression"	NaN	2.326335860928751	1.0116022629207018	0.6100764125859526	0.61969342	71824
"GO:0065004"	"protein-DNA complex assembly"	NaN	2.2121876044039577	0.7766804103940933	0.638233698233642	0.40758835	71824
"GO:0072132"	"mesenchyme morphogenesis"	NaN	1.7708520116421442	0.27807076421516924	0.6577141472442393	0.38909688	null
"GO:0001837"	"epithelial to mesenchymal transition"	NaN	1.9138138523837167	0.38834020519704665	0.646541013927235	0.61360368	72132
"GO:0002009"	"morphogenesis of an epithelium"	NaN	2.73559889969818	2.603317671876498	0.5936100014508868	0.46567607	72132
"GO:0003197"	"endocardial cushion development"	NaN	1.7160033436347992	0.2445104995685109	0.6567481261222545	0.43012939	72132
"GO:0030855"	"epithelial cell differentiation"	NaN	2.848189116991399	3.3752037587496404	0.5808153613111421	0.61529565	72132
"GO:0048729"	"tissue morphogenesis"	NaN	2.823474229170301	3.1882251414325435	0.5867130994716689	0.49742901	72132
"GO:0048762"	"mesenchymal cell differentiation"	NaN	2.2600713879850747	0.8677725572921661	0.6229863171370812	0.5634522	72132
"GO:0072583"	"clathrin-dependent endocytosis"	NaN	1.4913616938342726	0.1438297056285358	0.6884667932212487	0.14576422	null
"GO:0090066"	"regulation of anatomical structure size"	NaN	2.767897616018091	2.8046792597564485	0.5988332577677086	0.36596091	null
"GO:0090257"	"regulation of muscle system process"	NaN	2.4216039268698313	1.2609070860101639	0.6170114507032906	0.35873222	null
"GO:0010611"	"regulation of cardiac muscle hypertrophy"	NaN	1.8920946026904804	0.36916291111324195	0.6450318108852733	0.77747149	90257
"GO:0010613"	"positive regulation of cardiac muscle hypertrophy"	NaN	1.6334684555795864	0.20136158787995012	0.6563765932067795	0.43223202	90257
"GO:0014742"	"positive regulation of muscle hypertrophy"	NaN	1.6434526764861874	0.20615591140090134	0.6590309387000084	0.64538521	90257
"GO:0014743"	"regulation of muscle hypertrophy"	NaN	1.9084850188786497	0.38354588167609555	0.6502374820011781	0.42887296	90257
"GO:0043502"	"regulation of muscle adaptation"	NaN	2.037426497940624	0.5177869402627289	0.6374144458352348	0.52537626	90257
"GO:0097191"	"extrinsic apoptotic signaling pathway"	NaN	2.0791812460476247	0.570524498993192	0.6364680358221324	0.3465029	null
"GO:0008625"	"extrinsic apoptotic signaling pathway via death domain receptors"	NaN	1.6127838567197355	0.19177294083804777	0.6653576181181844	0.41967566	97191
"GO:0097193"	"intrinsic apoptotic signaling pathway"	NaN	2.271841606536499	0.891744174896922	0.6225430721628284	0.58297498	97191
"GO:0097435"	"supramolecular fiber organization"	NaN	2.7371926427047373	2.6129063189184007	0.6085945678763419	0.2587064	null
"GO:0097581"	"lamellipodium organization"	NaN	1.6901960800285136	0.2301275290056573	0.67412105248665	0.25550432	null
"GO:0098609"	"cell-cell adhesion"	NaN	2.7267272090265724	2.5505801131460353	0.6152517072786772	0.23720379	null
"GO:0007159"	"leukocyte cell-cell adhesion"	NaN	1.8260748027008264	0.31642535238277875	0.6719530333315036	0.42198384	98609
"GO:0098657"	"import into cell"	NaN	2.850033257689769	3.3895867293124935	0.6037527485292508	0.36657198	null
"GO:0006812"	"monoatomic cation transport"	NaN	2.920123326290724	3.9840828459104425	0.5932453896790807	0.7987242	98657
"GO:0006816"	"calcium ion transport"	NaN	2.4216039268698313	1.2609070860101639	0.6304241989829643	0.62997026	98657
"GO:0030001"	"metal ion transport"	NaN	2.832508912706236	3.255345670725861	0.5998586489103118	0.40493234	98657
"GO:0034220"	"monoatomic ion transmembrane transport"	NaN	2.921166050637739	3.9936714929523442	0.5863805665104616	0.85968157	98657
"GO:0070588"	"calcium ion transmembrane transport"	NaN	2.322219294733919	1.0020136158787996	0.6312338588911554	0.61477068	98657
"GO:0097553"	"calcium ion transmembrane import into cytosol"	NaN	2	0.47463802857416815	0.6524953048320699	0.656112	98657
"GO:0098655"	"monoatomic cation transmembrane transport"	NaN	2.848189116991399	3.3752037587496404	0.5920436292917561	0.86224765	98657
"GO:0098660"	"inorganic ion transmembrane transport"	NaN	2.885361220031512	3.6772461405695656	0.5927979016356311	0.66335817	98657
"GO:0098662"	"inorganic cation transmembrane transport"	NaN	2.823474229170301	3.1882251414325435	0.5973201568030431	0.40345413	98657
"GO:0099177"	"regulation of trans-synaptic signaling"	NaN	2.7781512503836434	2.871799789049765	0.5937844233034552	0.39424618	null
"GO:0099504"	"synaptic vesicle cycle"	NaN	2.1931245983544616	0.743120145747435	0.644469757099844	0.28187711	null
"GO:0140236"	"translation at presynapse"	NaN	1.6812412373755872	0.22533320548470612	0.6678960055728034	0.22423215	null
"GO:0140242"	"translation at postsynapse"	NaN	1.6901960800285136	0.2301275290056573	0.6673948187659929	0.99093946	140236
"GO:0140241"	"translation at synapse"	NaN	1.6901960800285136	0.2301275290056573	0.6691979199196109	0.35350802	null
"GO:0002181"	"cytoplasmic translation"	NaN	2.103803720955957	0.6040847636398504	0.6444613037549524	0.41657685	140241
"GO:0140694"	"non-membrane-bounded organelle assembly"	NaN	2.507855871695831	1.5389778502253333	0.622465098004905	0.31548905	null
"GO:1900095"	"regulation of dosage compensation by inactivation of X chromosome"	NaN	1.146128035678238	0.062326205772365514	0.6894553611223521	0.17812598	null
"GO:1900151"	"regulation of nuclear-transcribed mRNA catabolic process, deadenylation-dependent decay"	NaN	1.4471580313422192	0.12944673506568222	0.6574393681897173	0.36136169	null
"GO:0050779"	"RNA destabilization"	NaN	1.8920946026904804	0.36916291111324195	0.6283922598636673	0.4622687	1900151
"GO:1900153"	"positive regulation of nuclear-transcribed mRNA catabolic process, deadenylation-dependent decay"	NaN	1.2304489213782739	0.0767091763352191	0.6657301622311353	0.39047626	null
"GO:0000289"	"nuclear-transcribed mRNA poly(A) tail shortening"	NaN	1.1760912590556813	0.06712052929331672	0.6520745781628686	0.42769989	1900153
"GO:0061158"	"3'-UTR-mediated mRNA destabilization"	NaN	1.255272505103306	0.0815034998561703	0.6601788504446823	0.4090867	1900153
"GO:1900182"	"positive regulation of protein localization to nucleus"	NaN	2.0043213737826426	0.4794323520951194	0.636974394906149	0.34182094	null
"GO:1900370"	"positive regulation of post-transcriptional gene silencing by RNA"	NaN	1.3010299956639813	0.09109214689807268	0.6784250307970234	0.17966668	null
"GO:0060148"	"positive regulation of post-transcriptional gene silencing"	NaN	1.3010299956639813	0.09109214689807268	0.678468047944266	0.65332623	1900370
"GO:0060964"	"regulation of miRNA-mediated gene silencing"	NaN	1.5185139398778875	0.1534183526704382	0.6695964587908254	0.78182766	1900370
"GO:1900368"	"regulation of post-transcriptional gene silencing by RNA"	NaN	1.5440680443502757	0.1630069997123406	0.6681651617118658	0.95101584	1900370
"GO:1901214"	"regulation of neuron death"	NaN	2.583198773968623	1.8314315850033558	0.6142376623426488	0.2289951	null
"GO:1901216"	"positive regulation of neuron death"	NaN	2.110589710299249	0.6136734106817529	0.6379671615997701	0.21244712	null
"GO:0043065"	"positive regulation of apoptotic process"	NaN	2.7972675408307164	3.001246524115447	0.5838947105815772	0.53094553	1901216
"GO:0043068"	"positive regulation of programmed cell death"	NaN	2.8129133566428557	3.1115159650973245	0.5830554753384412	0.54264278	1901216
"GO:0043523"	"regulation of neuron apoptotic process"	NaN	2.4683473304121573	1.4047367916386997	0.6168650995483278	0.62891138	1901216
"GO:0043525"	"positive regulation of neuron apoptotic process"	NaN	1.9493900066449128	0.42190046984370505	0.6453800630327221	0.47338755	1901216
"GO:1901224"	"positive regulation of NIK/NF-kappaB signaling"	NaN	1.8573324964312685	0.34039696998753477	0.6483369343223447	0.28913998	null
"GO:1901361"	"organic cyclic compound catabolic process"	NaN	2.5634810853944106	1.7499280851471857	0.6202242926806719	0.27190989	null
"GO:0010498"	"proteasomal protein catabolic process"	NaN	2.5622928644564746	1.7451337616262343	0.6162021799447353	0.64730195	1901361
"GO:0043161"	"proteasome-mediated ubiquitin-dependent protein catabolic process"	NaN	2.519827993775719	1.582126761913894	0.6193327154494672	0.41801342	1901361
"GO:1901983"	"regulation of protein acetylation"	NaN	1.7853298350107671	0.2876594112570716	0.6571538542180684	0.22864755	null
"GO:1901985"	"positive regulation of protein acetylation"	NaN	1.591064607026499	0.18218429379614537	0.6624624799280988	0.24907546	null
"GO:2000758"	"positive regulation of peptidyl-lysine acetylation"	NaN	1.4313637641589874	0.12465241154473103	0.6715905437695647	0.64039118	1901985
"GO:1902074"	"response to salt"	NaN	2.625312450961674	2.0184102023204527	0.6185192511620139	0.27444777	null
"GO:1902275"	"regulation of chromatin organization"	NaN	1.7323937598229686	0.2540991466104133	0.663334995690122	0.22198391	null
"GO:1902743"	"regulation of lamellipodium organization"	NaN	1.724275869600789	0.24930482308946206	0.6618208744794787	0.29024867	null
"GO:1902903"	"regulation of supramolecular fiber organization"	NaN	2.597695185925512	1.8937577907757213	0.6049358587562425	0.35077356	null
"GO:1903018"	"regulation of glycoprotein metabolic process"	NaN	1.6989700043360187	0.23492185252660852	0.6630789673196011	0.22181595	null
"GO:1903076"	"regulation of protein localization to plasma membrane"	NaN	2.0755469613925306	0.5657301754722409	0.6396886398093589	0.23433512	null
"GO:1903306"	"negative regulation of regulated secretory pathway"	NaN	1.4313637641589874	0.12465241154473103	0.6762599561702508	0.15615238	null
"GO:1903311"	"regulation of mRNA metabolic process"	NaN	2.4800069429571505	1.4430913798063094	0.6115186961181068	0.29558045	null
"GO:1903312"	"negative regulation of mRNA metabolic process"	NaN	1.9867717342662448	0.4602550580113146	0.6322841029235449	0.39315934	null
"GO:0048024"	"regulation of mRNA splicing, via spliceosome"	NaN	2.0681858617461617	0.5561415284303385	0.6301658937524677	0.52344955	1903312
"GO:0050684"	"regulation of mRNA processing"	NaN	2.164352855784437	0.6951769105379232	0.6238401092460283	0.57759831	1903312
"GO:0061013"	"regulation of mRNA catabolic process"	NaN	2.2624510897304293	0.8725668808131172	0.6106485857205584	0.65117156	1903312
"GO:1903313"	"positive regulation of mRNA metabolic process"	NaN	2.130333768495006	0.6424393518074599	0.6201094763758794	0.59928319	1903312
"GO:1903320"	"regulation of protein modification by small protein conjugation or removal"	NaN	2.4216039268698313	1.2609070860101639	0.6145651242233714	0.31499283	null
"GO:0031400"	"negative regulation of protein modification process"	NaN	2.699837725867246	2.397161760475597	0.5859636579005952	0.44368393	1903320
"GO:1904375"	"regulation of protein localization to cell periphery"	NaN	2.1789769472931693	0.719148528142679	0.6326447581391716	0.36371346	null
"GO:0010959"	"regulation of metal ion transport"	NaN	2.6693168805661123	2.234154760763256	0.5994440784638944	0.72425308	1904375
"GO:0032386"	"regulation of intracellular transport"	NaN	2.5390760987927767	1.654041614728162	0.6057294712882559	0.4214405	1904375
"GO:0034762"	"regulation of transmembrane transport"	NaN	2.8109042806687006	3.097132994534471	0.5868312173828995	0.50399356	1904375
"GO:0043269"	"regulation of monoatomic ion transport"	NaN	2.812244696800369	3.106721641576373	0.5882908802168337	0.44315128	1904375
"GO:0051046"	"regulation of secretion"	NaN	2.9079485216122722	3.8738134049285646	0.5798734315967692	0.54133347	1904375
"GO:0051222"	"positive regulation of protein transport"	NaN	2.5440680443502757	1.6732189088119667	0.5948762391605047	0.60263461	1904375
"GO:0051223"	"regulation of protein transport"	NaN	2.7752462597402365	2.8526224949659604	0.5836896042243421	0.79772848	1904375
"GO:0060627"	"regulation of vesicle-mediated transport"	NaN	2.795184589682424	2.9868635535525936	0.5881911063044852	0.5000258	1904375
"GO:0070201"	"regulation of establishment of protein localization"	NaN	2.7958800173440754	2.991657877073545	0.5841058788734274	0.57021617	1904375
"GO:0090316"	"positive regulation of intracellular protein transport"	NaN	2.1789769472931693	0.719148528142679	0.6213319715760508	0.71140501	1904375
"GO:1903530"	"regulation of secretion by cell"	NaN	2.851869600729766	3.403969699875348	0.5829991661658752	0.51463453	1904375
"GO:1903829"	"positive regulation of protein localization"	NaN	2.7234556720351857	2.53140281906223	0.5827394996048757	0.67587122	1904375
"GO:1904062"	"regulation of monoatomic cation transmembrane transport"	NaN	2.575187844927661	1.7978713203566976	0.605511513407968	0.45037871	1904375
"GO:1904951"	"positive regulation of establishment of protein localization"	NaN	2.5634810853944106	1.7499280851471857	0.5945851490303707	0.74618538	1904375
"GO:1905214"	"regulation of RNA binding"	NaN	1.1139433523068367	0.057531882251414326	0.6997773839335659	0.13690956	null
"GO:2000106"	"regulation of leukocyte apoptotic process"	NaN	2.03342375548695	0.5129926167417778	0.6480676256357273	0.24678953	null
"GO:2000209"	"regulation of anoikis"	NaN	1.3617278360175928	0.10547511746092626	0.6861051500841232	0.14988146	null
"GO:2000514"	"regulation of CD4-positive, alpha-beta T cell activation"	NaN	1.8976270912904414	0.3739572346341931	0.6408870833418592	0.27059828	null
"GO:0002696"	"positive regulation of leukocyte activation"	NaN	2.61066016308988	1.9512896730271359	0.5776183319346971	0.89283637	2000514
"GO:0042102"	"positive regulation of T cell proliferation"	NaN	2.0644579892269186	0.5513472049093873	0.6173064933564574	0.68155556	2000514
"GO:0042129"	"regulation of T cell proliferation"	NaN	2.307496037913213	0.9684533512321412	0.6107415475180729	0.50385874	2000514
"GO:0045580"	"regulation of T cell differentiation"	NaN	2.2764618041732443	0.9013328219388245	0.6011556772750588	0.62397824	2000514
"GO:0045582"	"positive regulation of T cell differentiation"	NaN	2.089905111439398	0.5849074695560457	0.6046027582197472	0.80915349	2000514
"GO:0045619"	"regulation of lymphocyte differentiation"	NaN	2.346352974450639	1.0595454981302137	0.5969747380250774	0.67369561	2000514
"GO:0045621"	"positive regulation of lymphocyte differentiation"	NaN	2.143014800254095	0.6616166458912647	0.6051069704540272	0.84578025	2000514
"GO:0050863"	"regulation of T cell activation"	NaN	2.5921767573958667	1.8697861731709655	0.5882143710216949	0.7679647	2000514
"GO:0050867"	"positive regulation of cell activation"	NaN	2.6334684555795866	2.056764790488062	0.5849676231941661	0.65630379	2000514
"GO:0050870"	"positive regulation of T cell activation"	NaN	2.406540180433955	1.2177581743216033	0.5881885794784202	0.78182355	2000514
"GO:0051249"	"regulation of lymphocyte activation"	NaN	2.7267272090265724	2.5505801131460353	0.577314326033494	0.75014978	2000514
"GO:0051251"	"positive regulation of lymphocyte activation"	NaN	2.53655844257153	1.6444529676862594	0.5835838622301787	0.62066397	2000514
"GO:1902107"	"positive regulation of leukocyte differentiation"	NaN	2.3242824552976926	1.0068079393997507	0.595144014617164	0.69623899	2000514
"GO:1903039"	"positive regulation of leukocyte cell-cell adhesion"	NaN	2.44870631990508	1.3424105858663342	0.6076198456040809	0.83829554	2000514
"GO:2000516"	"positive regulation of CD4-positive, alpha-beta T cell activation"	NaN	1.6334684555795864	0.20136158787995012	0.6485580816863847	0.60863584	2000514
"GO:2000628"	"regulation of miRNA metabolic process"	NaN	1.9294189257142926	0.40272317575990024	0.6493147256570426	0.20671917	null
"GO:2000736"	"regulation of stem cell differentiation"	NaN	1.9242792860618816	0.39792885223894914	0.6489203484251386	0.24819792	null
"GO:2000737"	"negative regulation of stem cell differentiation"	NaN	1.4913616938342726	0.1438297056285358	0.6707436560084304	0.18197755	null
"GO:2000765"	"regulation of cytoplasmic translation"	NaN	1.505149978319906	0.14862402914948702	0.6652948948160612	0.2750656	null
"GO:2001233"	"regulation of apoptotic signaling pathway"	NaN	2.6273658565927325	2.027998849362355	0.5994345643240622	0.36125627	null
"GO:2001236"	"regulation of extrinsic apoptotic signaling pathway"	NaN	2.230448921378274	0.8102406750407517	0.6281987781945546	0.38916334	null
"GO:1902041"	"regulation of extrinsic apoptotic signaling pathway via death domain receptors"	NaN	1.7160033436347992	0.2445104995685109	0.6612729659591355	0.43155088	2001236
"GO:2001234"	"negative regulation of apoptotic signaling pathway"	NaN	2.385606273598312	1.160226292070189	0.6118914146389416	0.60939244	2001236
"GO:2001252"	"positive regulation of chromosome organization"	NaN	2.0492180226701815	0.5321699108255825	0.6350536517345469	0.38028062	null
